Audio,Transcription,Langue,Tempo,Mean Mel spectrogram,Standard deviation Mel spectrogram,Mean Chroma
C:/Users/angej/Desktop/Multilingual/Data_augmentation/Data_augmentation/dos1_aug/f2_aug/f1_aug_vitesse_acc_10_pourcent.wav,هل انت بشر الان بما انك تقضي وقتا اطول في المنزل فلماذا لا تعلم طفلك كيفيه اكتشاف المحتوى والاشاعات الخاطئه ابحث عبر الانترنت عن معلومات تم التاكد من انها معلومات خاطئه ومظلله وسالت طفلك الاسئله الاربعه التاليه من كتب او نشر هذا لمن كتب هذا او نشر وهل هو من مصدر موثوق اثناء تفشيك فقط بمصادر المعلومات الرسميه ومسائل الاعلام موثوق بها لا تشاركي المعلومات التي لم يتم التحقق منها هذه رساله من اليونسكو,ar,143.5546875,6.196176,52.891155,0.35503426
C:/Users/angej/Desktop/Multilingual/Data_augmentation/Data_augmentation/dos1_aug/f2_aug/f1_aug_vitesse_acc_30_pourcent.wav,هل انت وهي الان بما انك تقضي وقت اطول في المنزل فلماذا لا تعلم طفلك كيفيه اكتشاف المحتوى والاشاعات خاطئه معلومات تم التاكدله وسالتب لك الاسئله الاربعه التاليه من كتب او نشر هذا او نشر وهل هو من مصدر من فوق اثناء تفشيك 19,ar,143.5546875,6.196176,52.891155,0.35503426
C:/Users/angej/Desktop/Multilingual/Data_augmentation/Data_augmentation/dos1_aug/f2_aug/f1_aug_vitesse_acc_50_pourcent.wav,هل انت ولد الان بما انك سخيف الانترنت اثناء تفشيك 19,ar,143.5546875,6.196176,52.891155,0.35503426
C:/Users/angej/Desktop/Multilingual/Data_augmentation/Data_augmentation/dos1_aug/f2_aug/f2_aug_dec.wav,لم يتم التحقق منها هذه رساله من اليونسكو هل انت والد الان بما انك تقضي وقتا اطول في المنزل فلماذا لا تعلم طفلك كيفيه اكتشاف المحتوى والاشاعات الخاطئه ابحث عبر الانترنت عن معلومات تم التاكد من انها معلومات خاطئه ومضلله وسائل طفلك الاسئله الاربعه التاليه من كتب او نشر هذا لمن كتب هذا او نشر وهل هو من مصدر موثوق اثناء تفشيك في 19,ar,143.5546875,6.196176,52.891155,0.35503426
C:/Users/angej/Desktop/Multilingual/Data_augmentation/Data_augmentation/dos1_aug/f2_aug/f2_aug_noise_injection_7_percent.wav,هل انت وارع الان بما انك تقضي وقتا اطول في المنزل فلماذا لا تعلم طفلك كيفيه اكتشاف المحتوى والاشاعات الخاطئه ابحث عبر الانترنت عن معلومات تم التاكد من انها معلومات خاطئه ومضلله وسائل طفلك الاسئله الاربعه التاليه من كتب او نشر هذا لمن كتب هذا او نشا وهل هو من مصدر موثوق اثناء تفشيك فقط بمصادر المعلومات الرسميه ووسائل الاعلام الموثوق بها لا تشاركي المعلومات التي لم يتم التحقق منها هذه رساله من اليونسكو,ar,143.5546875,6.196176,52.891155,0.35503426
C:/Users/angej/Desktop/Multilingual/Data_augmentation/Data_augmentation/dos1_aug/f2_aug/f2_aug_sup_noise.wav,هل انت والد الان بما انك تقضي وقتا اطول في المنزل فلماذا لا تعلم طفلك كيفيه اكتشاف المحتوى والاشاعات الخاطئه ابحث عبر الانترنت عن معلومات تم التاكد من انها معلومات خاطئه ومضلله وسائل طفلك الاسئله الاربعه التاليه من كتب او نشر هذا لمن كتب هذا او نشير وهل هو من مصدر موثوق اثناء تفشي كوفيد 19,ar,143.5546875,6.196176,52.891155,0.35503426
C:/Users/angej/Desktop/Multilingual/Data_augmentation/Data_augmentation/dos1_aug/f2_aug/f2_aug_vitesse_dec_10_pourcent.wav,هل انت ولد الان بما انك شخصي وقت اطول في المنزل فلماذا لا تعلم طفلك كيفيه اكتشاف المحتوى والاشاعات خاطئه ابحث عن الانترنت عن معلومات تم تاكد من انها معلومات خاطئه ومغلله وسال طفلك الاسئله الاربعه التاليه من كتب او نشر هذا لمن كتب هذا او نشر وهل هو من مصدر مرفوع اثناء تفشيك في 19 اغلقت بمصادر المعلومات الرسميه ووسائل الاعلام الموثوق بها لا تشارك المعلومات التي لم يتم التحقق منها هذه رساله من اليونسكو,ar,143.5546875,6.196176,52.891155,0.35503426
C:/Users/angej/Desktop/Multilingual/Data_augmentation/Data_augmentation/dos1_aug/f2_aug/f2_aug_vitesse_dec_30_pourcent.wav,هل انت واجد الان بما انك تقضي وقت اطول في المنزل فلماذا لا تعلم طفلك كيفيه اكتشاف المحتوى والاشاعات خاطئه ابحث عن الانترنت عن معلومات تم تاكد من انا معلومات خاطئه ومظلله وسالت طفلك الاسئله الاربعه التاليه من كتب او نشر هذا لمن كتب هذا او المشاعر وهل هو من مصدر مرفوع اثناء تفشيك ب 19 المعلومات الرسميه ووسائل الاعلام الموثوق بها لا تشارك المعلومات التي لم يتم التحقق منها هذه رساله من اليونسكو,ar,143.5546875,6.196176,52.891155,0.35503426
C:/Users/angej/Desktop/Multilingual/Data_augmentation/Data_augmentation/dos1_aug/f2_aug/f2_aug_vitesse_dec_50_pourcent.wav,هل انت ولد الان بما انك تقضي وقتا اطول في المنزل فلماذا لا تعلم طفلك كيفيه اكتشاف المحتوى والاشاعات الخاطئه ابحث عبر الانترنت على المعلومات تم تاكل من انا معلومات خاطئه ومضلله وسال طفلك الاسئله الاربعه التاليه من كتب او نشر هذا لمن كتب هذا او نشا ولو من مصدر 19 فقط بمصاري للمعلومات الرسميه ووسائل الاعلام موثوق بها لا تشارك المعلومات التي لم يتم التحقق منها هذه رساله من اليونسكو,ar,143.5546875,6.196176,52.891155,0.35503426
C:/Users/angej/Desktop/Multilingual/Data_augmentation/Data_augmentation/dos2_aug/f2_aug/f2_aug_cut_part.wav,هذا الامر من المهم مشاركه المعلومات التي تاتي من مصادر موثوقه الحكومات والسلطات الصحيه مثل منظمه الصحه العالميه او وزاره الصحه او السلطات الصحيه المحليه اثناء تفشي كوفيد 19 بمصادر المعلومات الرسميه ووسائل الاعلام الموثوق بها لا تشارك,ar,143.5546875,6.196176052093506,52.89115524291992,0.3550342619419098
C:/Users/angej/Desktop/Multilingual/Data_augmentation/Data_augmentation/dos2_aug/f2_aug/f2_aug_dec.wav,تحيه المحليه اثناء تفشي كوفيد 19 بمصادر المعلومات الرسميه ووسائل الاعلام الموثوق بها لا تشارك المعلومات التي لم يتم التحقق منها هذه رساله من اليونسكو الاخبار الكاذبه تنتشر مثل الفيروس التاجي لمواجهه هذا الامر من المهم مشاركه المعلومات التي تاتي من مصادر موثوقه الحكومات وسلطات الصحيه مثل منظمه الصحه العالميه او وزاره الصحه او السلط,ar,143.5546875,6.196176052093506,52.89115524291992,0.3550342619419098
C:/Users/angej/Desktop/Multilingual/Data_augmentation/Data_augmentation/dos2_aug/f2_aug/f2_aug_noise_injection_4_pourcent.wav,الاخبار الكاتبه تنتشر مثل الفيروس التاجي لمواجهه هذا الامر من المهم مشاركه المعلومات التي تاتي من مصادر موثوقه الحكومات والسلطات الصحيه مثل منظمه الصحه العالميه او وزاره الصحه او السلطات الصحيه المحليه اثناء تفشي كوفيد 19 بمصادر المعلومات الرسميه ووسائل الاعلام الموثوق بها لا تشارك المعلومات التي لم يتم التحقق منها هذه رساله من اليونسكو,ar,143.5546875,6.196176052093506,52.89115524291992,0.3550342619419098
C:/Users/angej/Desktop/Multilingual/Data_augmentation/Data_augmentation/dos2_aug/f2_aug/f2_aug_sup_noise.wav,الاخبار الكاذبه تنتشر مثل الفيروس التاجي لمواجهه هذا الامر من المهم مشاركه المعلومات التي تاتي من مصادر موثوقه الحكومات والسلطات الصحيه مثل منظمه الصحه العالميه او وزاره الصحه او السلطات الصحيه المحليه اثناء تفشي كوفيد 19 بمصادر المعلومات الرسميه ووسائل الاعلام الموثوق بها لا تشارك المعلومات التي لم يتم التحقق منها هذه رساله من اليونسكو,ar,143.5546875,6.196176052093506,52.89115524291992,0.3550342619419098
C:/Users/angej/Desktop/Multilingual/Data_augmentation/Data_augmentation/dos2_aug/f2_aug/f2_aug_vitesse_acc_10_pourcent.wav,الاخبار كاذبه تنتشر مثل الفيروس التاجي لمواجهه هذا الامر من المهم المشاركه المعلومات التي تاتي من مصادر موثوقه الحكومات وسلطات صحيه مثل منظمه صحه العالميه او وزاره الصحه او السلطات الصحيه المحليه اثناء تفشيك في 19 بمصادر معلومات رسميه ومسائل الاعلام الموثوق بها لا تشارك المعلومات التي لم يتم التحقق منها هذه رساله,ar,143.5546875,6.196176052093506,52.89115524291992,0.3550342619419098
C:/Users/angej/Desktop/Multilingual/Data_augmentation/Data_augmentation/dos2_aug/f2_aug/f2_aug_vitesse_dec_10_pourcent.wav,الاخبار كاذبه تنتشر مثل الفيروس التاجي لمواجهه هذا الامر من المهم لمشاركه المعلومات التي تاتي من مصادر موثوقه الحكومات والسلطات الصحيه مثل منظمه صحه العالميه او وزاره الصحه او السلطات الصحيه المحليه اثناء تفشي كوفيد 19,ar,143.5546875,6.196176052093506,52.89115524291992,0.3550342619419098
C:/Users/angej/Desktop/Multilingual/Data_augmentation/Data_augmentation/dos2_aug/f2_aug/f2_aug_vitesse_dec_30_pourcent.wav,الاخبار الكاذبه تنتشر مثل الفيروس التاجي لمواجهه هذا الامر من المهم لمشاركه المعلومات التي تاتي من مصادر موثوقه الحكومات والسلطات الصحيه مثل منظمه الصحه العالميه او وزاره الصحه او السلطات الصحيه المحليه اثناء تفشي كوفيد 19 بمصادر المعلومات الرسميه ووسائل الاعلام الموثوق بها لا تشارك المعلومات التي لم يتم تحقق منها هذه رساله من اليونسكو,ar,143.5546875,6.196176052093506,52.89115524291992,0.3550342619419098
C:/Users/angej/Desktop/Multilingual/Data_augmentation/Data_augmentation/dos2_aug/f2_aug/f2_aug_vitesse_dec_50_pourcent.wav,الاخبار الكاذبه تنتشر مثل الفيروس التاجي لمواجه هذا الامر من المهم مشاركه المعلومات التي تاتي من مصادر الموثوقه الحكومات والسلطات الصحيه مثل منظمه الصحه العالميه او وزاره الصحه المحليه 190,ar,143.5546875,6.196176052093506,52.89115524291992,0.3550342619419098
C:/Users/angej/Desktop/Multilingual/Data_augmentation/Data_augmentation/dos3_aug/f3_aug/f3_aug_cut.wav,حالات مقارنه بالبالغين وعاده ما يكون المرض الذي يعانون منه خفيفا في حين ان الاطفال قد يكونون اقل تاثرا فقد يكون لديهما ايضا عدد اكبر من الاتصالات في المدرسه والمجتمع المزيد من الدراسات لتقييم مخاطر العدوى عند الاطفال وفهم انتقال العدوى بشكل افضل,ar,143.5546875,6.196176052093506,52.89115524291992,0.3550342619419098
C:/Users/angej/Desktop/Multilingual/Data_augmentation/Data_augmentation/dos3_aug/f3_aug/f3_aug_dec.wav,المزيد من الدراسات جاريه لتقييم مخاطر العدوى عند الاطفال وفهم انتقال العدوى بشكل افضل في هذه الفئه العمريه يتم ارسال هذه الرساله اليك من قبل اليونسكو ومنظمه الصحه العالميه ومحطه الراديو المحليه لديكم لا يتم الابلاغ عن الاطفال في كثير من الاحيان كحالات مقارنه بالبالغين وعاده ما يكون المرض الذي يعانون منه خفيفا في حين ان الاطفال قد يكونون اقل تاثرا فقد يكون لديهما ايضا عدد اكبر من الاتصالات في المدرسه,ar,143.5546875,6.196176052093506,52.89115524291992,0.3550342619419098
C:/Users/angej/Desktop/Multilingual/Data_augmentation/Data_augmentation/dos3_aug/f3_aug/f3_aug_noise_injection_30_pourcent.wav,لا يتم الابلاغ عن الاطفال في كثير من الاحيان كحالات مقارنه بالبالغ وعاده ما يكون المرض الذي يعانون منه خفيفا في حين ان الاطفال قد يكونون اقل تاثرا فقد يكون لديهما ايضا عدد اكبر من الاتصالات في المدرسه والمجتمع المزيد من الدراسات لتقييم مخاطر العدوى عند الاطفال وفهم انتقال العدوى بشكل افضل في هذه الفئه العمريه يتم ارسال هذه الرساله اليك من قبل اليونسكو ومنظمه الصحه العالميه ومحطه الراديو المحليه لدي,ar,143.5546875,6.196176052093506,52.89115524291992,0.3550342619419098
C:/Users/angej/Desktop/Multilingual/Data_augmentation/Data_augmentation/dos3_aug/f3_aug/f3_aug_sup_noise.wav,لا يتم الابلاغ عن الاطفال في كثير من الاحيان كحالات مقارنه بالبالغين وعاده ما يكون المرض الذي يعانون منه خفيفا في حين ان الاطفال قد يكونون اقل تاثرا فقد يكون لديهما ايضا عدد اكبر من الاتصالات في المدرسه والمجتمع المزيد من الدراسات جاريه لتقييم مخاطر العطوه عند الاطفال وفهم انتقال العدوى بشكل افضل في هذه الفئه العمريه يتم ارسال هذه الرساله اليك من قبل اليونسكو ومنظمه الصحه العالميه ومحطه الراديو المحليه لديك,ar,143.5546875,6.196176052093506,52.89115524291992,0.3550342619419098
C:/Users/angej/Desktop/Multilingual/Data_augmentation/Data_augmentation/dos3_aug/f3_aug/f3_aug_vitesse_acc_10_pourcent.wav,المزيد من الدراسات شهريه لتقييم المخاطر عند الاطفال وثاني العضو بشكل افضل في هذه الفئه العمريه يتم ارسال هذه الرساله اليك من قبل يونسكو ومناظره الصحه العالميه ومحطه الراديو المحليه لديك,ar,143.5546875,6.196176052093506,52.89115524291992,0.3550342619419098
C:/Users/angej/Desktop/Multilingual/Data_augmentation/Data_augmentation/dos3_aug/f3_aug/f3_aug_vitesse_acc_50_pourcent.wav,المزيد من الدراساتين مخارج النظافه بشكل افضل في هذه الفئه العامه يجب منظمه صحه عاليه ومحطه الراديو المحليه لديك,ar,143.5546875,6.196176052093506,52.89115524291992,0.3550342619419098
C:/Users/angej/Desktop/Multilingual/Data_augmentation/Data_augmentation/dos3_aug/f3_aug/f3_aug_vitesse_dec_30_pourcent.wav,الابلاغ عن الاطفال في كثير من الاحيان كحالات مقارنه بالبالغ وعاده ما يكون المرض الذي يعانون منه خفيفا في حين ان الاطفال قد يكونون اقل تاثرا فقد يكون لديهما ايضا عدد اكبر من الاتصالات في المدرسه والمجتمع المزيد من الدراسات لتقييم مخاطر العضو عند الاطفال هو فهم ثقال العدوى بشكل افضل في هذه الفئه العمريه يتم ارسالها الرساله اليك من قبل يونسكو ومنظمه الصحه العالميه ومحطه الراديو المحليه لديك,ar,143.5546875,6.196176052093506,52.89115524291992,0.3550342619419098
C:/Users/angej/Desktop/Multilingual/Data_augmentation/Data_augmentation/dos4_aug/f2_aug/f2_aug_cut.wav,تلك الموجوده في اللقاحات الاخرى الالم او التورم في موقع الحقن الحمى القشعريره التعب والم الراس في معظم الحالات من المتوقع حدوث هذه الاثار اتصل بمقدم الرعايه الصحيه الخاص بك اذا كان هناك احمرار او حساسيه او الم في المكان الذي تلقيت,ar,143.5546875,6.196176052093506,52.89115524291992,0.3550342619419098
C:/Users/angej/Desktop/Multilingual/Data_augmentation/Data_augmentation/dos4_aug/f2_aug/f2_aug_dec.wav,لويميس,ar,143.5546875,6.196176052093506,52.89115524291992,0.3550342619419098
C:/Users/angej/Desktop/Multilingual/Data_augmentation/Data_augmentation/dos4_aug/f2_aug/f2_aug_noise_injection_30_pourcent.wav,تتشابه الاثار الجانبيه الشائعه للقاحات كوفيد 19 مع تلك الموجوده في اللقاحات الاخرى الالم او التورم في موقع الحقن الحمى القشعريره التعب والم الراس في معظم الحالات من المتوقع حدوث هذه الاثار اتصل بمقدم رعايه الصحيه الخاص بك اذا كان هناك احمرار او حساسيه او الم في المكان الذي تلقيت فيه الحكمه التي تزداد بعد 24 ساعه او اذا لم تختفي الاثار الجانبيه بعد بضعه ايام يتم ارسال هذه الرساله اليك من قبل اليورومسكو ومنظمه الصحه العالميه ومحطه الراديو المحليه لدي,ar,143.5546875,6.196176052093506,52.89115524291992,0.3550342619419098
C:/Users/angej/Desktop/Multilingual/Data_augmentation/Data_augmentation/dos4_aug/f2_aug/f2_aug_sup_noise.wav,والم الراس في معظم الحالات من المتوقع حدوث هذه الاثار اتصل بمقدم الرعايه صحيه الخاص بك اذا كان هناك احمرار او حساسيه او الم في المكان الذي تلقيت فيه الحقنه التي تزداد بعد 24 ساعه او اذا لم تختفي الاثار الجانبيه بعد بضعه ايام يتم ارسال هذه الرساله اليك من قبل اليونسكو ومنظمه صحه عالميه ومحطه الراديو المحليه لديك,ar,143.5546875,6.196176052093506,52.89115524291992,0.3550342619419098
C:/Users/angej/Desktop/Multilingual/Data_augmentation/Data_augmentation/dos4_aug/f2_aug/f2_aug_vitesse_acc_10_pourcent.wav,في معظم حالات من المتوقع لحظوذه هذه الاثار اتصل بمقدم الرعايه صحيه الخاص بك اذا كان هناك احمرار او حساسيه او الم في مكان الذي تلقيت فيه الحقنه التي تزداد بعد 24 ساعه واذا لم تختفي الاخر جانبيا بعد ايام يتم ارسال هذه الرساله من خلال اليونسكو ومنظمه الصحه العالميه ومحطه الراديو المحليه لديك,ar,143.5546875,6.196176052093506,52.89115524291992,0.3550342619419098
C:/Users/angej/Desktop/Multilingual/Data_augmentation/Data_augmentation/dos4_aug/f2_aug/f2_aug_vitesse_acc_30_pourcent.wav,اذا كان هناك حمار او حساسيه او الم في مكان الذي تلقيت فيه الحفله التي تستهد بعد 24 ساعه,ar,143.5546875,6.196176052093506,52.89115524291992,0.3550342619419098
C:/Users/angej/Desktop/Multilingual/Data_augmentation/Data_augmentation/dos4_aug/f2_aug/f2_aug_vitesse_dec_10_pourcent.wav,تتشابه الاثار الجانبيه الشائعه للقاحات كوفيد 19 مع تلك الموجوده في لقاحات اخرى الالم او التورم في مواقع الحقن الحمى القشعراء والم الراس في معظم الحالات من المتوقع لحدوث هذه الاثار اتصل بمقدم رعايه سحريه خاص بك اذا كان هناك احمرار او حساسيه او الم في المكان الذي تلقيت فيه الحفنه التي تزداد على 24 ساعه واذا لم تختفي اثار الجانبيه بعد بضعه ايام يجب ارسالها رساله اليك من خلال اليونسكو ومنظمه الصحه العالميه ومحطه الراديو المحليه لديك,ar,143.5546875,6.196176052093506,52.89115524291992,0.3550342619419098
C:/Users/angej/Desktop/Multilingual/Data_augmentation/Data_augmentation/dos4_aug/f2_aug/f2_aug_vitesse_dec_30_pourcent.wav,الاثار الجانبيه شارع للقاحات كوفيد 19 مع تلك الموجوده في لقاحات اخرى الالم او التورم في موقع الحقن الحمى القشعري والم الراس في معظم الحالات من المتوقع لحدوث هذه الاثار اتصل بمقدمه رعايه الصحيه الخاص بك اذا كان هناك احمرار او حساسيه او الم في مكان الذي تلقيت فيه الحفنه التي تستهد بعد 24 ساعه او اذا لم تختفي الاثار الجانبيه بعد بضاعه ايام يتم ارسال هذه الرساله اليك من خلال اليونسكو ومنظمه الصحه العالميه ومحطه الراديو المحليه لدي,ar,143.5546875,6.196176052093506,52.89115524291992,0.3550342619419098
C:/Users/angej/Desktop/Multilingual/Data_augmentation/Data_augmentation/dos4_aug/f2_aug/f2_aug_vitesse_dec_50_pourcent.wav,19 مع تلك الموجوده في اللقاحات اخرى الان او التورم في موقع الحق الحمى والم الراس في معظم الحالات المتوقعه حدوث اتصل بمقدمه رعايه الصحيه الخاص بك اذا هناك حرار او حساسيه او الم في مكان الذي تلاقي الجبيهه 24 ساعه يتم ارسالها رساله من خلال,ar,143.5546875,6.196176052093506,52.89115524291992,0.3550342619419098
C:/Users/angej/Desktop/Multilingual/Data_augmentation/Data_augmentation/dos5_aug/f3_aug/f3_aug_cut.wav,مصدر اكثر من 70% من جميع الامراض المعديه الناشئه لدى البشر عندما يتم بيعها وذبحها في الاسواق يتعرض العمال والعملاء على حد سواء للخطر عند التسوق في اسواق طعام التقليديه تجنب الاماكن القريبه من منطقه ذبح الحيوانات يتم ارسال هذه الرساله,ar,143.5546875,6.196176052093506,52.89115524291992,0.3550342619419098
C:/Users/angej/Desktop/Multilingual/Data_augmentation/Data_augmentation/dos5_aug/f3_aug/f3_aug_dec.wav,عملاء على حد سواء للخطر عند التسوق في اسواق الطعام التقليديه تجنب الاماكن القريبه من منطقه ذبح الحيوانات يتم ارسالها هذه الرساله اليك من قبل اليونسكو ومنظمه الصحه العالميه ومحطه الراديو المحليه لدي الحيوانات وخاصه الحيوانات البريه هي مصدر اكثر من 70% من جميع الامراض المعديه الناشئه لدى البشر عندما يتم بيعها وذبحها في الاسواق يتعرض العمال,ar,143.5546875,6.196176052093506,52.89115524291992,0.3550342619419098
C:/Users/angej/Desktop/Multilingual/Data_augmentation/Data_augmentation/dos5_aug/f3_aug/f3_aug_noise_injection_30_pourcent.wav,الحيوانات وخاصه الحيوانات البريه هي مصدر اكثر من 70% من جميع الامراض المعديه الناشئه لدى البشر عندما يتم بيعها وذبحها في الاسواق يتعرض العمال والعملاء على حدوثاء للخطر عند التصور في اسواق طعام التقليديه تجنب الاماكن القريبه من منطقه ذبح الحيوانات يتم ارسال هذه الرساله اليك من قبل اليونسكو ومنظمه الصحه العالميه ومحطه الراديو المحليه لدي,ar,143.5546875,6.196176052093506,52.89115524291992,0.3550342619419098
C:/Users/angej/Desktop/Multilingual/Data_augmentation/Data_augmentation/dos5_aug/f3_aug/f3_aug_sup_noise.wav,الحيوانات وخاصه الحيوانات البريه هي مصدر اكثر من 70% من جميع الامراض المعديه الناشئه لدى البشر عندما يتم بيعها وذبحها في الاسواق يتعرض العمال والعملاء على حد سواء للخطر عند التسوق في اسواق طعام التقليديه تجنب الاماكن القريبه من منطقه ذبح الحيوانات يتم ارسال هذه الرساله اليك من قبل اليونسكو ومنظمه الصحه العالميه ومحطه الراديو المحليه لديك,ar,143.5546875,6.196176052093506,52.89115524291992,0.3550342619419098
C:/Users/angej/Desktop/Multilingual/Data_augmentation/Data_augmentation/dos5_aug/f3_aug/f3_aug_vitesse_acc_10_pourcent.wav,الحيوانات وخاصه الحيوانات البريه هي مصدر اكثر من 70% من جميع الامراض المعديه الناشئه لدى البشر عندما يتم بيعها وذبحها في الاسواق يتعرض العمال والعملاء على حد زوائل الخطا عند التسوق في اسواق طعام تقليديه تجنب الاماكن القريبه في منطقه ذبح الحيوانات يتم ارسالها هي الرساله الي من قبل يونسكو ومناظره صحه عالميه ومحطه الراديو المحليه لديك,ar,143.5546875,6.196176052093506,52.89115524291992,0.3550342619419098
C:/Users/angej/Desktop/Multilingual/Data_augmentation/Data_augmentation/dos5_aug/f3_aug/f3_aug_vitesse_dec_10_pourcent.wav,الحيوانات وخاصه الحيوانات البريه هي مصدر اكثر من 70% الامراض المعديه الناشئه لدى البشر عندما يتم بيعها وذبحها في اسواق يتعرض العمال والعملاء على حد زوايا الخطر عند التسوق في اسواق الطعام تقليديه تجنب الاماكن القريبه لمنطقه ذبح الحيوانات يتم ارسالها هي الرساله اليك من خلال يونسكو ومنظمه الصحه العالميه ومحطه الراديو المحليه لديك,ar,143.5546875,6.196176052093506,52.89115524291992,0.3550342619419098
C:/Users/angej/Desktop/Multilingual/Data_augmentation/Data_augmentation/dos5_aug/f3_aug/f3_aug_vitesse_dec_30_pourcent.wav,الحيوانات وخاصه الحيوانات البريه هي مصدر اكثر من 70% من جميع الامراض المعديه الناشئه لدى البشر عندما يتم بيعها وذبحها في اسواق يتعرض العمال والعملاء على حد سواء للخطر عند التسوق في اسواق طعام تقليديه تجنب الاماكن القريبه من منطقه ذبح الحيوانات يتم ارسالها هي الرساله اليك من قبل يونسكو ومنظمه الصحه العالميه ومحطه الراديو المحليه لديك,ar,143.5546875,6.196176052093506,52.89115524291992,0.3550342619419098
C:/Users/angej/Desktop/Multilingual/Data_augmentation/Data_augmentation/dos5_aug/f3_aug/f3_aug_vitesse_dec_50_pourcent.wav,الحيوانات وخاصه الحيوان ما فيها مصر واكثر من 70 في رمضان على حد الزوالي خرا في اسواق طعام تقييم الحيوانات,ar,143.5546875,6.196176052093506,52.89115524291992,0.3550342619419098
C:/Users/angej/Desktop/Multilingual/Data_augmentation/Aug/ARA/f2_aug_cut (2).wav,يمكن اضافه المزيد من المصداقيه الى الرساله تحقق دائما من خلال الموارد عبر الانترنت ومحركات البحث من هويتي هذا الخبير وتجربته في هذا,ar,143.5546875,6.196176052093506,52.89115524291992,0.3550342619419098
C:/Users/angej/Desktop/Multilingual/Data_augmentation/Aug/ARA/f2_aug_cut.wav,اثناء تمريره عبر موجز الاخبار فكر فيما يجعلك تشعر به بالغضب او الحزن او الصدمه يمكن نشر التضليل من خلال استخدام محتوى يستهدف المشاعر قبل المشاركه او الرد على هذا المحتوى حاول التفكير في مصدره ومن الذي قد يستهدف منه ومن الذي قد يتاذى منه فكر قبل النقر,ar,143.5546875,6.196176052093506,52.89115524291992,0.3550342619419098
C:/Users/angej/Desktop/Multilingual/Data_augmentation/Aug/ARA/f2_aug_dec (2).wav,هل ارسل اليك شخص تعرف النصيحه من خبير ضد الفيروسات التاجيه احترس قد لا يكون الخبير ذو مصداقيه تتمثل احدى طرق معالجه المعلومات في استخدام خبير زائف يمكن اضافه المزيد من المصداقيه الى الرساله تحقق دائما من خلال الموارد عبر الانترنت ومحركات البحث من هويتي هذا الخبير وتجربته في هذا الموضوع والمنظمه التي يمثلها اث,ar,143.5546875,6.196176052093506,52.89115524291992,0.3550342619419098
C:/Users/angej/Desktop/Multilingual/Data_augmentation/Aug/ARA/f2_aug_dec.wav,قبل المشاركه اثناء تفشي كوفيد 19 عندما تتوقف عند منشور او تعليق حول الفيروس التاجي اثناء تمرير عبر موجز الاخبار فكر فيما يجعلك تشعر به بالغضب او الحزن او الصدمه يمكن نشر تضليل من خلال استخدام محتوى يستهدف المشاعر قبل المشاركه او الرد على هذا المحتوى حاول التفكير في مصدره ومن الذي قد يستهدف منه ومن الذي قد يتاذى منه فكر قبل النقر,ar,143.5546875,6.196176052093506,52.89115524291992,0.3550342619419098
C:/Users/angej/Desktop/Multilingual/Data_augmentation/Aug/ARA/f2_aug_noise_injection_30_pourcent (2).wav,هل ارسل اليك شخص تعرف النصيحه من خبير ضد الفيروسات التاجيه احترس قد لا يكون الخبير ذو مصداقيه تتمثل احدى طرق معالجه المعلومات في استخدام خبير زائف يمكن اضافه المزيد من المصداقيه الى الرساله تحقق دائما من خلال الموارد عبر الانترنت ومحركات البحث من هويتي هذا الخبير وتجربته في هذا الموضوع والمنظمه التي يمثلها اثناء التفشي كوفيد 19,ar,143.5546875,6.196176052093506,52.89115524291992,0.3550342619419098
C:/Users/angej/Desktop/Multilingual/Data_augmentation/Aug/ARA/f2_aug_noise_injection_30_pourcent.wav,عندما تتوقف عند منشور او تعليق حول الفيروس التاجي اثناء تمرير عبر موجز الاخبار فكر فيما يجعلك تشعر به بالغضب او الحزن او الصدمه يمكن نشر التضليل من خلال استخدام محتوى يستهدف المشاعر قبل المشاركه او الرد على هذا المحتوى حاولي التفكير في مصدره ومن الذي قد يستهدف منه ومن الذي قد يتاذى منه فكر قبل النقر فكر قبل المشاركه اثناء تفشي كوفيد 19,ar,143.5546875,6.196176052093506,52.89115524291992,0.3550342619419098
C:/Users/angej/Desktop/Multilingual/Data_augmentation/Aug/ARA/f2_aug_sup_noise (2).wav,هل ارسل اليك شخص تعرف نصيحه من خبير ضد الفيروسات التاجيه احترس قد لا يكون الخبير ذو مصداقيه تتمثل احدى طرق معالجه المعلومات في استخدام خبير زائف يمكن اضافه المزيد من المصداقيه الى الرساله تحقق دائما من خلال الموارد عبر الانترنت ومحركات البحث من هويتي هذا الخبير وتجربته في هذا الموضوع والمنظمه التي يمثلها اثناء التفشي كوفيد 19,ar,143.5546875,6.196176052093506,52.89115524291992,0.3550342619419098
C:/Users/angej/Desktop/Multilingual/Data_augmentation/Aug/ARA/f2_aug_sup_noise.wav,عندما تتوقف عند منشور او تعليق حول الفيروس التاجي اثناء تمرير عبر موجز الاخبار فكر فيما يجعلك تشعر به بالغضب او الحزن او الصدمه يمكن نشر التظليل من خلال استخدام محتوى يستهدف المشاعر قبل المشاركه او الرد على هذا المحتوى حاولي التفكير في مصدره ومن الذي قد يستهدف منه ومن الذي قد يتاذى منه فكر قبل النقر فكر قبل المشاركه اثناء تفشيك 19 المعلومات الرسميه ووسائل الاعلام الموثوق بها لا تشاركي المعلومات التي لم يتم التحقق منها هذه رساله من اليونسكو,ar,143.5546875,6.196176052093506,52.89115524291992,0.3550342619419098
C:/Users/angej/Desktop/Multilingual/Data_augmentation/Aug/ARA/f2_aug_vitesse_acc_10_pourcent (2).wav,هل اسهل اليك شخص تعرف نصيحه من خبير ضد الفيروسات التاجيه هل لا يكون الخبير مصداقيه تتمثل وحده طرق معالجه معلومات باستخدام خبير زائف يمكن اضافه المزيد من المصداقيه الى الرساله تحقق دائما من خلال الموارد عبر الانترنت ومحركات بحث الهويه هذا الخبير وتجربته في هذا الموضوع والمنظمه التي يمثلها اثناء تفشيك في 19 اختقت بمصادر المعلومات الرسميه ووسائل الاعلام الموثوق بها لا تشاركي رساله من اليونسكو,ar,143.5546875,6.196176052093506,52.89115524291992,0.3550342619419098
C:/Users/angej/Desktop/Multilingual/Data_augmentation/Aug/ARA/f2_aug_vitesse_acc_10_pourcent.wav,اينما تتوقف عند منشور او تعليق حول الفيروس التاجي اثناء جماهير عبر موجز الاخبار فكر فيما يجعلك تشعر بالغضب او الحزن او الصدمه يمكن نشر تضليل من خلال استخدام محتوى يستهدف المشاعر قبل المشاركه او الرابعه على هذا المحتوى حول التفكير في مصدره ومن الذي قد يستهدف منه ومن الذي قد يتاذى منه فكري قبل النقل فكر قبل المشاركه اثناء تفشيك في 19,ar,143.5546875,6.196176052093506,52.89115524291992,0.3550342619419098
C:/Users/angej/Desktop/Multilingual/Data_augmentation/Aug/ARA/f2_aug_vitesse_acc_50_pourcent.wav,عندما توقف عند منشور او تعليق حول الجلوس قبل المشاركه اثناء التفجيك في 19,ar,143.5546875,6.196176052093506,52.89115524291992,0.3550342619419098
C:/Users/angej/Desktop/Multilingual/Data_augmentation/Aug/ARA/f2_aug_vitesse_dec_10_pourcent (2).wav,هل اسهل اليك شخص تعرف نصيحه من خبير ضد الفيروسات التاجيه احداث ان لا يكون الخبير ذو مصداقيه تتمثل احدى طرق معالجه معلومات باستخدام خبير زائف يمكنه اضافه المزيد من المصداقيه الى الرساله تحقق دائما من خلال الموارد عبر الانترنت ومحركات البحث من هويه هذا الخليج وتجربته في هذا الموضوع والمنظمه التي يمثلها اثناء تفشيك في 19 اغلقت بمصادر معلومات الرسميه ووسائل الاعلام الموثوق بها لا تشاركي المعلومات التي لم يتم التحقق منها هذه رساله من اليونسكو,ar,143.5546875,6.196176052093506,52.89115524291992,0.3550342619419098
C:/Users/angej/Desktop/Multilingual/Data_augmentation/Aug/ARA/f2_aug_vitesse_dec_10_pourcent.wav,عندما تتوقف عند المنشور او تعليق حول الفيروس التاجي اثناء زمرير عبر موجز الاخبار فكر فيما يجعلك تشعر به بالغضب او الحزن او الصدمه يمكن نشر التضليل من خلال استخدام محتوى يستهدف المشاعر قبل المشاركه او الرد على هذا المحتوى حاول التفكير في مصدره وما الذي قد يستهدف منه ومن الذي قد يتاذى منه فكر قبل النقر فكر قبل المشاركه اثناء تفشيك في 19 المعلومات الرسميه ووسائل الاعلام الموثوق بها لا تشاركي المعلومات التي لم يتم تحقق منها هذه رساله من اليونسكو,ar,143.5546875,6.196176052093506,52.89115524291992,0.3550342619419098
C:/Users/angej/Desktop/Multilingual/Data_augmentation/Aug/ARA/f2_aug_vitesse_dec_30_pourcent (2).wav,هل لا يكون الخبير ذو مصداقيه تتمثل وحده طرق معالجه معلومات باستخدام خبير زائف يمكن اضافه المزيد من المصداقيه الى الرساله تحقق دائما من خلال الموارد عبر الانترنت ومحركات البحث من هويتي هذا الخبير وتجربته في هذا الموضوع والمنظمه التي يمثلها اثناء تفشي كوفيد 19 بمصادر المعلومات الرسميه ووسائل الاعلام الموثوق بها لا تشارك المعلومات التي لم يتم التحقق منها هذه رساله من اليونسكو,ar,143.5546875,6.196176052093506,52.89115524291992,0.3550342619419098
C:/Users/angej/Desktop/Multilingual/Data_augmentation/Aug/ARA/f2_aug_vitesse_dec_30_pourcent.wav,عندما تتوقف عندماشور او تعليق حول الفيروس ال جي اثناء زمرير عبر موجز الاخبار فكر فيما يجعلك تشعر به بالغضب او الحزن او الصدمه يمكن نشر التظليل من خلال استخدام محتوى يستهدف المشاعر قبل المشاركه على هذا المحتوى حاولي التفكير في مصدره ومن الذي قد يستهدف منه ومن الذي قد يتاذى منه فكر قبل النقل فكر قبل المشاركه اثناء تفشي كوفيد 19 هذه رساله من اليونسكو,ar,143.5546875,6.196176052093506,52.89115524291992,0.3550342619419098
C:/Users/angej/Desktop/Multilingual/Data_augmentation/Aug/ARA/f2_aug_vitesse_dec_50_pourcent (2).wav,لا يكون الخبير الساقيه تتمثل طرق المعالجه المعلومات في استخدام خبير الزائف يمكن اضافه المزيد من المصداقيه الى رساله تحقق دائما من خلال الموارد عبر الانترنت ومحركات البحث من هويتي هذا الخبير وتجبتك في هذا الموضوع والمنظمه التي يمثلها اثناء تفشي كوفي 19 لم يتم التحقق منها هذه رساله من اليونسكو,ar,143.5546875,6.196176052093506,52.89115524291992,0.3550342619419098
C:/Users/angej/Desktop/Multilingual/Data_augmentation/Aug/ARA/f2_aug_vitesse_dec_50_pourcent.wav,عندما تتوقف عندماشوع او تعليق حول الفيروس التاجي اثناء تمرير عبر موجز الاخبار فاكر فيما يجعلك تشعر بالغضب او الحزن او الصدمه يمكن نشر التظليل من خلال استخدام محتوى يستاذن المشاعر قبل المشاركه يومي على هذا المحتوى حاولي تفكير في مصدره ومن الذي قد يستهدف منه ومن الذي قد يتامين فكر قبل النوم مشاركه بمصاري معلومات الرسميه ووسائل الاعلام الموثوق بها لا تشارك المعلومات التي لم يتم التحقق منها هذه رساله من اليونسكو,ar,143.5546875,6.196176052093506,52.89115524291992,0.3550342619419098
C:/Users/angej/Desktop/Multilingual/Data_augmentation/Aug/ARA/f3_aug_cut (2).wav,لا نعرف حتى الان ما اذا كان يمنعك من الاصابه وانتشار الفيروس الى اشخاص اخرين لذا استمر في الابتعاد جسديا عن الاخرين وارتداء القناع خاصه في الاماكن المغلقه او المزدحمه او سيئه التهويه نظفي يديك بشكل متكرر وقم بتغطيه اي سؤال او عاطس في المرفق,ar,143.5546875,6.196176052093506,52.89115524291992,0.3550342619419098
C:/Users/angej/Desktop/Multilingual/Data_augmentation/Aug/ARA/f3_aug_cut (3).wav,19 على نهج قائم على المخاطر قدمت منظمه الصحه العالميه ارشادات حولك كيفيه اتباع ناج قائم على المخاطر سواء كان حدث كبيرا مثل الالعاب الاولمبيه او الاحداث الصغيره مثل حفلات اعياد الميلاد او حفلات الزفاف او مباريات كره القدم,ar,143.5546875,6.196176052093506,52.89115524291992,0.3550342619419098
C:/Users/angej/Desktop/Multilingual/Data_augmentation/Aug/ARA/f3_aug_cut(1).wav,لا نعرف حتى الان ما اذا كان يمنعك من الاصابه وانتشار الفيروس الى اشخاص اخرين لذا استمر في الابتعاد جسديا عن الاخرين وارتداء القناع خاصه في الاماكن المغلقه او المزدحمه او سيئه التهويه نظفي يديك بشكل متكرر وقم بتغطيه اي سؤال او عاطس في المرفق,ar,143.5546875,6.196176052093506,52.89115524291992,0.3550342619419098
C:/Users/angej/Desktop/Multilingual/Data_augmentation/Aug/ARA/f3_aug_cut.wav,والعاملون في مجال الصحه وغيرهم معا لفهم الفيروس بشكل افضل لكن العلم يتغير ويتطور بمرور الوقت على الرغم من ان تغيرات قد تبدو مربكه الا انها من اجل مصلحتنا لذا كن منفتحا على التغيرات والحقائق والتوصيات الجديده كل مارنا اظهر مرونت,ar,143.5546875,6.196176052093506,52.89115524291992,0.3550342619419098
C:/Users/angej/Desktop/Multilingual/Data_augmentation/Aug/ARA/f3_aug_dec (2).wav,سيئه التهويه نظفي يديك بشكل متكرر وقم بتغطيه اي سؤال او عطس في المرفق من خلال القيام بكل هذا فانت تحمينا جميعا يتم ارسال هذه الرساله اليك من قبل اليونسكو ومنظمه صحه العالميه ومحطه الراديو المحليه لديك بينما يمنع اللقاح كوفيد 19 الامراض الخطيره والوفيات لا نعرف حتى الان ما اذا كان يمنعك من الاصابه وانتشار الفيروس الى اشخاص اخرين لذا استمر في الابتعاد جسديا عن الاخرين وارتداء القناع خاصه في الاماكن المغلقه او المزدحمه,ar,143.5546875,6.196176052093506,52.89115524291992,0.3550342619419098
C:/Users/angej/Desktop/Multilingual/Data_augmentation/Aug/ARA/f3_aug_dec (3).wav,ومنظمه الصحه العالميه ومحطه الراديو المحليه لديكم يجب ان يعتمد اي قرار لعقد حدث اثناء جائحه كوفيد 19 على نهج قائم على المخاطر قدمت منظمه الصحه العالميه ارشادات حول كيفيه اتباع ناج قائم على المخاطر سواء كان حدث كبيرا مثل الالعاب,ar,143.5546875,6.196176052093506,52.89115524291992,0.3550342619419098
C:/Users/angej/Desktop/Multilingual/Data_augmentation/Aug/ARA/f3_aug_dec (4).wav,استمروا كوفيد 19 في الانتشار حول العالم يمكنك المساعده في ايقاف عن طريق الدخول في عزله لمده 14 يوما اذا كنت على اتصال وثيق باي شخص مصاب بالفيروس يمكن ان يتم هذا الحجر الصحي في المنزل طالما,ar,143.5546875,6.196176052093506,52.89115524291992,0.3550342619419098
C:/Users/angej/Desktop/Multilingual/Data_augmentation/Aug/ARA/f3_aug_dec (5).wav,الحصول على اللقاح في اسرع وقت ممكن وعدم الانتظار بهذه الطريقه نبني مناعه مجتمعاتنا بشكل اسرع ويمكننا استئناف الحياه الطبيعيه يتم ارسال هذه الرساله اليك من قبل اليونسكو ومنظمه صحه عالميه ومحطه الراديو المحليه لدي تم اختبار جميع اللقاحات كوفيد 19 على نطاق واسع وتوفر جميعها درجه عاليه من الحمايه ضد الامراض الخطيره والوفيات الناشئه عن هذا المرض لتاخذ اللقاح المقدم لك حتى لو اصبت مسبقا بكوفيد 19 من المهم,ar,143.5546875,6.196176052093506,52.89115524291992,0.3550342619419098
C:/Users/angej/Desktop/Multilingual/Data_augmentation/Aug/ARA/f3_aug_dec (6).wav,ومنظمه الصحه العالميه ومحطه الراديو المحليه لديكم خير جائحه كوفيد 19 الطريقه التي نعيش ونعمل ونتواصل مع الاخرين ذلك والتحدي النظر عن المكان الذي تعيش فيه او ايا كان يمكن لكل واحد منا المساعده في كسر سلاسل انتقال كوفيد 19,ar,143.5546875,6.196176052093506,52.89115524291992,0.3550342619419098
C:/Users/angej/Desktop/Multilingual/Data_augmentation/Aug/ARA/f3_aug_dec.wav,الى انها من اجل مصلحتنا لذا كن منفتحا على تغيرات والحقائق والتوصيات الجديده كل مارنا اظهر مرونتك يتم ارسال هذه الرساله اليك من قبل اليونسكو ومنظمه الصحه العالميه ومحطه الراديو المحليه لديكم 19 الجديد يعمل العلماء والباحثون والعاملون في مجال الصحه وغيرهم معا لفهم الفيروس بشكل افضل لكن العلم يتغير ويتطور بمرور الوقت على الرغم من ان تغيرات,ar,143.5546875,6.196176052093506,52.89115524291992,0.3550342619419098
C:/Users/angej/Desktop/Multilingual/Data_augmentation/Aug/ARA/f3_aug_noise_injection_30_pourcent (2).wav,بينما يمنع اللقاح كوفيد 19 الامراض الخطيره والوفيات لا نعرف حتى الان ما اذا كان يمنعك من الاصابه وانتشار الفيروس الى اشخاص اخرين لذا استمر في الابتعاد جسديا عن الاخرين وارتداء القناع خاصه في الاماكن المغلقه او المزدحمه او سيئه التهويه نظفي يديك بشكل متكرر وقم بتغطيه اي سؤال او عاص في المرفاض من خلال القيام بكل هذا فانت تحمينا جميعا يتم ارسال هذه الرساله اليك من قبل اليوم ومنظمه صحه العالميه ومحطه الراديو المحليه لدي,ar,143.5546875,6.196176052093506,52.89115524291992,0.3550342619419098
C:/Users/angej/Desktop/Multilingual/Data_augmentation/Aug/ARA/f3_aug_noise_injection_30_pourcent (3).wav,يجب ان يعتمد اي قرار لعقد حدث اثناء جائحه كوفيد 19 على نهج قائم على المخاطر قدمت منظمه الصحه العالميه ارشادات حولك كيفيه اتباع ناج قائم على المخاطر سواء كان حدثا كبيرا مثل الالعاب الاولمبيه او الاحداث الصغيره مثل حفلات اعياد الميلاد او حفلات الزفاف او مباريات كره القدم الصغيره او المناسبات العائليه يتم ارسال هذه الرساله اليك من قبل اليونسكو ومنظمه الصحه العالميه ومحطه الراديو المحليه لدي,ar,143.5546875,6.196176052093506,52.89115524291992,0.3550342619419098
C:/Users/angej/Desktop/Multilingual/Data_augmentation/Aug/ARA/f3_aug_noise_injection_30_pourcent (4).wav,يستمر covid-19 في انتشار حول العالم يمكنك المساعده في ايقاف عن طريق الدخول في عطله لمده 14 يوما اذا كنت على اتصال وفيق باي شخص مصاب بالفيروس يمكن ان يتم هذا الحجر الصحي في المنزل طالما يمكنك البقاء منفصلا عن افراد الاسره اذا لم يكن الامر كذلك يجب ان تذهب حيث يمكنك البقاء بمفردك وان تحضر الامدادات اليه يتم ارسال هذه الرساله اليك من قبل اليونسكو ومنظمه الصحه العالميه ومحطه الراديو المحليه لدي,ar,143.5546875,6.196176052093506,52.89115524291992,0.3550342619419098
C:/Users/angej/Desktop/Multilingual/Data_augmentation/Aug/ARA/f3_aug_noise_injection_30_pourcent (5).wav,تم اختبار جميع اللقاحات كوفيد 19 على نطاق واسع وتوفر جميعها درجه عاليه من الحمايه ضد الامراض الخطيره والوفيات الناتجه عن هذا المرض لذا خذ اللقاح المقدم لك حتى لو اصبت مسبقا بكوفيد 19 من المهم الحصول على اللقاح في اسرع وقت ممكن وعدم الانتظار بهذه الطريقه نبني مناعه مجتمعاتنا بشكل اسرع ويمكننا استئناف الحياه الطبيعيه يتم ارسال هذه الرساله اليك من قبل اليورو ومنظمه الصحه العالميه ومحطه الراديو المحليه لدي,ar,143.5546875,6.196176052093506,52.89115524291992,0.3550342619419098
C:/Users/angej/Desktop/Multilingual/Data_augmentation/Aug/ARA/f3_aug_noise_injection_30_pourcent (6).wav,غير جائحه كوفيد 19 الطريقه التي نعيش ونعمل ونتواصل مع الاخرين ذلك والتحدي ولكن بغض النظر عن المكان الذي تعيش فيه او ايا كان يمكن لكل واحد منا المساعده في كسر سلاسل انتقال كوفيد 19 تاكد من اتباع ارشاداتك المحليه لكل دوله مستوياتها الفريده في الارسال والموارد والتوصيات لتناسب الموقف يتم ارسال هذه الرساله اليك من قبل اليونسكو ومنظمه الصحه العالميه ومحطه الراديو المحليه لدي,ar,143.5546875,6.196176052093506,52.89115524291992,0.3550342619419098
C:/Users/angej/Desktop/Multilingual/Data_augmentation/Aug/ARA/f3_aug_noise_injection_30_pourcent.wav,كوفيد 19 الجديد يعمل العلماء والباحثون والعاملون في مجال الصحه وغيرهم معا لفهم الفيروس بشكل افضل لكن العلم يتغير ويتطور بمرور الوقت على الرغم من ان تغيرات قد تبدو مربكه الا انها من اجل مصلحتنا لذا كن منفتحا على التغيرات والحقائق والتوصيات الجديده كل مارنا اظهر مرونته يتم ارسال هذه الرساله اليك من قبل اليونسكو ومنظمه الصحه العالميه ومحطه الراديو المحليه لدي,ar,143.5546875,6.196176052093506,52.89115524291992,0.3550342619419098
C:/Users/angej/Desktop/Multilingual/Data_augmentation/Aug/ARA/f3_aug_sup_noise (2).wav,من خلال القيام بكل هذا فانت تحمينا جميعا يتم ارسال هذه الرساله اليك من قبل اليونسكو ومنظمه الصحه العالميه ومحطه الراديو المحليه لدي,ar,143.5546875,6.196176052093506,52.89115524291992,0.3550342619419098
C:/Users/angej/Desktop/Multilingual/Data_augmentation/Aug/ARA/f3_aug_sup_noise (3).wav,يجب ان يعتمد اي قرار لعقد حدث اثناء جائحه كوفيد 19 على نهج قائم على المخاطر قدمت منظمه الصحه العالميه ارشادات حولك كيفيه اتباع ناج قائم على المخاطر سواء كان حدث كبيرا مثل الالعاب الاولمبيه او الاحداث الصغيره مثل حفلات اعياد الميلاد او حفلات الزفاف او مباريات كره القدم الصغيره او المناسبات العائليه يتم ارسال هذه الرساله اليك من قبل اليونسكو ومنظمه الصحه العالميه ومحطه الراديو المحليه لديك,ar,143.5546875,6.196176052093506,52.89115524291992,0.3550342619419098
C:/Users/angej/Desktop/Multilingual/Data_augmentation/Aug/ARA/f3_aug_sup_noise (4).wav,يستمر covid-19 في الانتشار حول العالم يمكنك المساعده في ايقاف عن طريق الدخول في عزله لمده 14 يوما اذا كنت على اتصال وثيق باي شخص مصاب بالفيروس يمكن ان يتم هذا الحجر الصحي في المنزل طالما يمكنك البقاء منفصلا عن افراد الاسره اذا لم يكن الامر كذلك يجب ان تذهب حيث يمكنك البقاء بمفردك وان تحضر الامدادات اليه يتم ارساله هذه الرساله اليك من قبل اليونسكو ومنظمه الصحه العالميه ومحطه الراديو المحليه لديك,ar,143.5546875,6.196176052093506,52.89115524291992,0.3550342619419098
C:/Users/angej/Desktop/Multilingual/Data_augmentation/Aug/ARA/f3_aug_sup_noise (6).wav,غير جائحه كوفيد 19 الطريقه التي نعيش ونعمل ونتواصل مع الاخرين ذلك هو التحدي ولكن بغض النظر عن المكان الذي تعيش فيه او ايا كن لكل واحد منا المساعده في كسر سلاسل انتقال كوفيد 19 تاكد من اتباع ارشاداتك المحليه لكل دوله مستوياتها الفريده في الارسال والموارد والتوصيات لتناسب الموقف يتم ارسال هذه الرساله اليك من قبل اليونسكو ومنظمه الصحه العالميه ومحطه الراديو المحليه لديك,ar,143.5546875,6.196176052093506,52.89115524291992,0.3550342619419098
C:/Users/angej/Desktop/Multilingual/Data_augmentation/Aug/ARA/f3_aug_sup_noise.wav,كوفيد 19 الجديد يعمل العلماء والباحثون والعاملون في مجال الصحه وغيرهم معا لفهم الفيروس بشكل افضل لكن العلم يتغير ويتطور بمرور الوقت على الرغم من ان تغيرات قد تبدو مربكه الا انها من اجل مصلحتنا لذا كن منفتحا على تغيرات والحقائق والتوصيات الجديده كل مارنا اظهر مرونتك يتم ارسال هذه الرساله اليك من قبل اليونسكو ومنظمه الصحه العالميه ومحطه الراديو المحليه لديك,ar,143.5546875,6.196176052093506,52.89115524291992,0.3550342619419098
C:/Users/angej/Desktop/Multilingual/Data_augmentation/Aug/ARA/f3_aug_vitesse_acc_10_pourcent (4).wav,19 من المهم للحصول على لقاح اسرع وقت ممكن وعدم الانصها لهذه الطريقه مجتمعاتنا بشكل اسرع الحياه الطبيعيه يتم ارسال هذه الرساله الى اليونسكو ومنظمه الصحه العالميه ومحطه غاز المحليه لديك,ar,143.5546875,6.196176052093506,52.89115524291992,0.3550342619419098
C:/Users/angej/Desktop/Multilingual/Data_augmentation/Aug/ARA/f3_aug_vitesse_acc_10_pourcent.wav,بينما يمنع لقاح كوفي 19 الامراض الخفيفه والوفيات لا نعرف حتى الان واذا كان يمنعك من الاصابه والانتشار الفيروس الى اشخاص اخرين لذا السبب في امتحان جسدي عن الاخرين والشنائي القناع خاصه في الاماكن المغلقه او المزدخمه او سيئه جدا هنا في ذلك بشكل متكرر وقم بتغطيه اي صحن او عاصم في المرفق من خلال القيام بكل هذا فانت تحمل جميعا يتم ارسال هذه الرساله اليك من خلال,ar,143.5546875,6.196176052093506,52.89115524291992,0.3550342619419098
C:/Users/angej/Desktop/Multilingual/Data_augmentation/Aug/ARA/f3_aug_vitesse_acc_30_pourcent (2).wav,مباريات كره القدم الصغيره او المناسبات العائليه يجب ارسال هذه الرساله اليك من خلال,ar,143.5546875,6.196176052093506,52.89115524291992,0.3550342619419098
C:/Users/angej/Desktop/Multilingual/Data_augmentation/Aug/ARA/f3_aug_vitesse_acc_30_pourcent (3).wav,اذا لم يكن الامر كذلك يجب ان تبحث يمكنك الوفاء بمفردك وان تحضر الاناث الي يتم ارسال هذه الرساله اليك من خلال,ar,143.5546875,6.196176052093506,52.89115524291992,0.3550342619419098
C:/Users/angej/Desktop/Multilingual/Data_augmentation/Aug/ARA/f3_aug_vitesse_acc_30_pourcent (4).wav,منظمه الصحه العالميه ومحطه الراديو المحليه,ar,143.5546875,6.196176052093506,52.89115524291992,0.3550342619419098
C:/Users/angej/Desktop/Multilingual/Data_augmentation/Aug/ARA/f3_aug_vitesse_acc_30_pourcent (5).wav,غير جائحه كوفيد 1933 المحليه بكل دوله مستوياتها الفريده في الارسال والموارد وتوصيات لتناسب الموقف ارسالها الرساله اليك من خلال,ar,143.5546875,6.196176052093506,52.89115524291992,0.3550342619419098
C:/Users/angej/Desktop/Multilingual/Data_augmentation/Aug/ARA/f3_aug_vitesse_acc_30_pourcent.wav,من خلال القيام بكل هذا تحملنا جميعا ومحطه الراديو المحليه,ar,143.5546875,6.196176052093506,52.89115524291992,0.3550342619419098
C:/Users/angej/Desktop/Multilingual/Data_augmentation/Aug/ARA/f3_aug_vitesse_acc_50_pourcent (2).wav,مباريات كره القدم الصغيره او المناسبات العائليه يجب ارسال,ar,143.5546875,6.196176052093506,52.89115524291992,0.3550342619419098
C:/Users/angej/Desktop/Multilingual/Data_augmentation/Aug/ARA/f3_aug_vitesse_acc_50_pourcent (4).wav,19 المهم الحصول على لقاحات الطبيعيه لديك,ar,143.5546875,6.196176052093506,52.89115524291992,0.3550342619419098
C:/Users/angej/Desktop/Multilingual/Data_augmentation/Aug/ARA/f3_aug_vitesse_dec_10_pourcent (2).wav,يجب ان يعتمد اي قرار لعقل حدث اثناء جائحه كوفيد 19 على نهج قائم على المخاضع خدمت منظمه الصحه العالميه ارشادات حولكيه اتباع نجم على المخاطر سواء كان حدث كبيرا مثل الالعاب الاولمبيه او الاحداث صغيره مثل حفلات اعياد الميلاد او حفلات الزفاف او مباريات كره القدم الصغيره او المناسبات العائليه يتم ارسال هذه الرساله اليك من قبل يونسكو ومنظمه الصحه العالميه ومحطه الراديو المحليه لديك,ar,143.5546875,6.196176052093506,52.89115524291992,0.3550342619419098
C:/Users/angej/Desktop/Multilingual/Data_augmentation/Aug/ARA/f3_aug_vitesse_dec_10_pourcent (3).wav,19 في انتشار حول العالم يمكنك المساعده في ايقاف عن طريق الدخول في عطله لمده 14 يوم اذا كنت على اتصال وفي اخ لاي شخص مصاب بالفيروس يمكن ان يتم هذا الحجر الصحي في المنزل قال ما يمكنك البقاء منفصلا عن افراد اسره اذا لم يكن الامر كذلك يجب ان تذهب حيث يمكنك البقاء بمفردك وان تحضر الامدادات الي يتم ارساله هذه الرساله اليك من خلال اليونسكو ومنظمه الصحه العالميه ومحطه الراديو المحليه لديك,ar,143.5546875,6.196176052093506,52.89115524291992,0.3550342619419098
C:/Users/angej/Desktop/Multilingual/Data_augmentation/Aug/ARA/f3_aug_vitesse_dec_10_pourcent (4).wav,19 من المهم الحصول على لقاح في اسرع وقت ممكن وعدم الانشغار لهذه الطريقه في ملاعب مجتمعاتنا بشكل اسرع ويمكننا استئناف الحياه الطبيعيه يجب ارسال هذه الرساله اليك من خلال اليونسكو ومنظمه الصحه العالميه ومحطه الراديو المحليه لدي,ar,143.5546875,6.196176052093506,52.89115524291992,0.3550342619419098
C:/Users/angej/Desktop/Multilingual/Data_augmentation/Aug/ARA/f3_aug_vitesse_dec_10_pourcent (5).wav,خير جائحه كوفيد 19 طريقه التي نعيش ونعمل ونتواصل مع الاخرين ذلك والتحدي ولكن بغض النظر عن المكان الذي تعيش فيه او اي كن يمكن لكل واحد منا المساعده في كسر سلاسل انتقال كوفيد 19 تاكد من اتباع ارشاداتك المحليه لكل دوله مستوياتها الفريده في الارسال والموارد والتوصيات لتناسب الموقف يتم ارسالها هي الرساله اليك من خلال اليونسكو ومنظمه الصحه العالميه ومحطه الراديو المحليه لديك,ar,143.5546875,6.196176052093506,52.89115524291992,0.3550342619419098
C:/Users/angej/Desktop/Multilingual/Data_augmentation/Aug/ARA/f3_aug_vitesse_dec_10_pourcent.wav,بين لا يجمع لقاح كوفيد 19 الامراض الخطيره والوفيات لا نعرف حتى الان واذا كان يمنعوك من الاصابه وانتشار فيروس الى اشخاص اخرين لذا استمر في الامتحان جسديا عن الاخرين والشراء القناع خاصه في الاماكن المغلقه او المزدحمه او سيئه التهويه نظفي اليك بشكل متكرر وقم بتغذيته اي صحن او عاصم في المرفق من خلال القيام بكل هذا فانت تحمين جميعا يتم ارسال هذه الرساله اليك من خلال اليونسكو ومنظمه الصحه العالميه ومحطه الغاز المحليه لدي,ar,143.5546875,6.196176052093506,52.89115524291992,0.3550342619419098
C:/Users/angej/Desktop/Multilingual/Data_augmentation/Aug/ARA/f3_aug_vitesse_dec_30_pourcent (2).wav,يجب ان يعتمد اي قرار لعقد حدث اثناء جائحه كوفيد 19 على نهج خائن على المخاضع خدمت منظمه صحه عالميه ارشادات حولك في دماغنا على المخاطر سواء كان حدثا كبيرا مثل الالعاب القولون فيها او الاحداث الصغيره مثل حفلات اعياد الميلاد او حفلات الزفاف ومباريات كره القدم الصغيره او المناسبات العائليه يتم ارسالها لي رساله اليك من قبل يونسكو ومنظمه الصحه العالميه ومحطه الراديو المحليه لديك,ar,143.5546875,6.196176052093506,52.89115524291992,0.3550342619419098
C:/Users/angej/Desktop/Multilingual/Data_augmentation/Aug/ARA/f3_aug_vitesse_dec_30_pourcent (3).wav,يستمر كوفيد 19 في انتشار حول العالم يمكنك المساعده في ايقاف عن طريق الدخول في عطله لمده 14 يوما اذا كنت على اتصال وثيق لاي شخص مصاب بالفيروس يمكن ان يتم هذا الحجر الصحي في المنزل قال ما يمكنك البقاء منفصلا عن افراد الاسره اذا لم يكن الامر كذلك يجب ان تبحث يمكنك البقاء في حفره وان تحضر الامدادات الي يتم ارسالها لي الرساله اليك من قبل يونسكو ومنظمه الصحه العالميه ومحطه الراديو المحليه لديك,ar,143.5546875,6.196176052093506,52.89115524291992,0.3550342619419098
C:/Users/angej/Desktop/Multilingual/Data_augmentation/Aug/ARA/f3_aug_vitesse_dec_30_pourcent (4).wav,واسع وتوفر جميع درجه عاليه من الحمايه ضد الامراض الخطيره والوفيات ناجيجه عن هذا المرض لذا خذ لاحد مقدم لك حتى لو اصيبت مسبقا بكوفيد 19 من المهم للحصول على لقاح ممكن عدم الانشغال لهذه الطريقه نبني سماعاتنا بشكل اسرع يمكن في حياتي الطبيعيه يتم ارسال هذه الرساله اليك من خلال اليونسكو ومنظمه الصحه العالميه ومحطه الراديو المحليه لدي,ar,143.5546875,6.196176052093506,52.89115524291992,0.3550342619419098
C:/Users/angej/Desktop/Multilingual/Data_augmentation/Aug/ARA/f3_aug_vitesse_dec_30_pourcent (5).wav,خير جائحه كوفيد 19 طريقه التي نعيش ونعمل ونتواصل مع الاخرين ذلك والتحدي ولكن بغض النظر عن المكان الذي تعيش فيه او ايا كن يمكن لكل واحد منا المساعده في كسر سلاسل انتقال كوفيد 19 تاكدي من اجماع ارشاداتك المحليه لكل دوله مستوياتها الفنيده في الارسال والموارد والتوصيات لتناسب الموقف يتم ارسالها لي الرساله اليك من قبل يونسكو ومنظمه الصحه العالميه ومحطه الراديو المحليه لديك,ar,143.5546875,6.196176052093506,52.89115524291992,0.3550342619419098
C:/Users/angej/Desktop/Multilingual/Data_augmentation/Aug/ARA/f3_aug_vitesse_dec_30_pourcent.wav,اين الا يمنع لقاح كوفيد 19 رمضان الخطيره والوفيات لا نعرف حتى الان ما اذا كان يمنعوك من الاصابه وانتشار الفيروس الى اشخاص اخرين لذا الزمر في اتحاد جسديا عن الاخرين والشداي القناع خاصه في الاماكن المغلقه او المزدحمه او سيئه التهويه نظري لديك بشكل متكرر وقم بتغطيه اي صحن او عاتس في المرفق من خلال القيام بكل هذا انت تحمين جميعا يتم ارسال هذه الرساله اليك من خلال اليونيسكو ومنظمه الصحه العالميه ومحطه الراديو المحليه لدي,ar,143.5546875,6.196176052093506,52.89115524291992,0.3550342619419098
C:/Users/angej/Desktop/Multilingual/Data_augmentation/Aug/ARA/f3_aug_vitesse_dec_50_pourcent (2).wav,19 على الناجي على المناطق العالميه سواك نحا كبيرا على الميلاد كره القدم او المناسبات العائليه ومحازي المحليه,ar,143.5546875,6.196176052093506,52.89115524291992,0.3550342619419098
C:/Users/angej/Desktop/Multilingual/Data_augmentation/Aug/ARA/f3_aug_vitesse_dec_50_pourcent (3).wav,يمكنك المساعده في ايقاف عن طريق لدخول يوما اذا كنت على اتصال وثق في اي شخص فيروز يمكن ان يتم هذا لا يمكنك افراد الاسره العالميه,ar,143.5546875,6.196176052093506,52.89115524291992,0.3550342619419098
C:/Users/angej/Desktop/Multilingual/Data_augmentation/Aug/ARA/f3_aug_vitesse_dec_50_pourcent.wav,عن الاخرين والايد الغناء خاصه الاماكن المغلقه او المزدحمه في يديك في المرفا من خلال انت تحميل جميع السروال,ar,143.5546875,6.196176052093506,52.89115524291992,0.3550342619419098
C:/Users/angej/Desktop/Multilingual/Data_augmentation/Aug/ARA/f3_aug_vitessse_acc_10_pourcent.wav,كوفيد 19 الجديد يعمل العلماء والاحثون والعاملون في مجال الصحه وغيره معا لفهم الفيروس بشكل افضل لكن العيب يتغير ويتطور بمرور على الرغم من ان تغيرات قدم امريكا الى انها من اجل مصلحتنا لذا كل منفتحا على تغيرات والحقائق والتوصيات جديده كن مرنا اظهر مرونتك يتم ارسال هذه الرساله اليك من قبل اليونسكو ومنظمه الصحه العالميه ومحطه الراديو المحليه لديك,ar,143.5546875,6.196176052093506,52.89115524291992,0.3550342619419098
C:/Users/angej/Desktop/Multilingual/Data_augmentation/Aug/ARA/f3_aug_vitessse_acc_30_pourcent.wav,كوفيد 19 الجديد والاحثون والعاملون في مجال الصحه وغيرهم عن فهمي فيروس بشكل افضل لكن الغيبه يتغير ويتطور بمرور على الرغم من ان تغيرات الذمه بك الى انها من اجل مصلحتنا على تغيرات والحقائق والتوصيات جديده كل ماهرانتا يتم ارسالها هي الرساله اليك من خلال,ar,143.5546875,6.196176052093506,52.89115524291992,0.3550342619419098
C:/Users/angej/Desktop/Multilingual/Data_augmentation/Aug/ARA/f3_aug_vitessse_acc_50_pourcent.wav,كوفيد 19 الجديد,ar,143.5546875,6.196176052093506,52.89115524291992,0.3550342619419098
C:/Users/angej/Desktop/Multilingual/Data_augmentation/Aug/ARA/f3_aug_vitessse_dec_10_pourcent.wav,خوفيه 19 الجديد يعمل العلماء والاحثون والعاملون في مجال الصحه وغيرهم عن لفهم الفيروس بشكل افضل لكن العين يتغير ويتطور بمرور الوقت على الرغم من ان تغيرات قد تبذور بها الى انها من اجل مصلحتنا لذا كن منفتحا على تغيرات والحقائق وتوصيات جديده كل ماهنا اظهر مرونته يتم ارساله هذه الرساله اليك من قبل يونسكو ومنظمه الصحه العالميه ومحطه الراديو المحليه لديك,ar,143.5546875,6.196176052093506,52.89115524291992,0.3550342619419098
C:/Users/angej/Desktop/Multilingual/Data_augmentation/Aug/ARA/f3_aug_vitessse_dec_30_pourcent.wav,كوفيد 19 الجديد يعمل العلماء والباحثون والعاملون في مجال الصحه وغيره معا لفهم الفيروس بشكل افضل لكن العين يتغير ويتطور بمرور الوقت على الرغم من ان تغيرات قد الذمه الى انها من اجل مصلحتنا لذا كل منفتحا على تغيرات والحقائق وتوصيات الجديده كن ماهنا اظهر مرونته يتم ارسالها لي الرساله اليك من قبل يونسكو ومنظمه الصحه العالميه ومحطه الراديو المحليه لديك,ar,143.5546875,6.196176052093506,52.89115524291992,0.3550342619419098
C:/Users/angej/Desktop/Multilingual/Data_augmentation/Aug/ARA/f3_aug_vitessse_dec_50_pourcent.wav,بشكل افضل لكن صحتنا بها والحقائق وتوصيات جديده ومحذرا محلي,ar,143.5546875,6.196176052093506,52.89115524291992,0.3550342619419098
